episodio_id,estado,temp_c_media,temp_c_mediana,temp_c_std,power_w_media,power_w_mediana,power_w_std,util_pct_media,util_pct_mediana,util_pct_std,clock_mhz_media,clock_mhz_mediana,clock_mhz_std,ecc_errors_media,ecc_errors_mediana,ecc_errors_std
0,normal,54.84,54.65,3.72,199.78,201.2,20.34,69.02,69.55,12.09,2401.26,2402.0,29.39,0.02,0.0,0.13
1,normal,54.42,54.4,4.1,197.44,199.85,19.46,70.39,70.75,12.24,2401.22,2400.0,30.34,0.03,0.0,0.18
2,normal,55.11,55.15,3.8,200.88,201.3,19.73,69.46,69.15,11.71,2398.73,2398.0,29.44,0.02,0.0,0.15
3,normal,54.94,55.1,4.1,197.9,198.35,19.79,70.93,70.9,11.87,2399.94,2401.0,29.56,0.02,0.0,0.13
4,normal,54.98,54.75,4.17,201.61,200.15,20.3,69.4,68.5,12.1,2402.52,2402.0,29.2,0.04,0.0,0.21
5,normal,54.67,54.5,3.88,200.61,200.3,20.79,69.79,69.6,11.32,2401.1,2401.0,28.71,0.03,0.0,0.16
6,normal,54.72,54.55,4.18,198.32,196.35,20.23,69.8,70.15,12.59,2398.86,2398.0,30.6,0.03,0.0,0.18
7,normal,54.88,55.1,3.99,202.51,201.25,20.92,67.82,66.8,11.86,2400.89,2401.0,29.79,0.03,0.0,0.17
8,normal,54.81,54.85,3.88,199.86,199.5,18.64,70.11,68.7,12.22,2398.57,2397.5,29.81,0.03,0.0,0.17
9,normal,55.36,55.1,4.12,200.39,201.0,20.03,69.61,68.7,12.22,2402.35,2403.0,30.08,0.01,0.0,0.08
10,normal,55.02,55.1,3.92,199.31,197.75,19.55,70.31,70.2,12.13,2399.13,2400.0,30.31,0.02,0.0,0.15
11,normal,55.13,55.35,4.17,203.1,202.8,20.11,70.59,70.2,12.02,2403.33,2402.5,29.2,0.02,0.0,0.13
12,sobrecalentamiento,88.04,88.05,2.82,289.64,289.95,9.61,95.13,95.4,3.71,2101.71,2103.0,85.6,0.1,0.0,0.34
13,sobrecalentamiento,88.38,88.2,3.1,292.02,292.05,10.59,94.77,94.85,3.64,2092.56,2093.5,77.89,0.11,0.0,0.33
14,sobrecalentamiento,88.01,88.4,3.08,290.41,289.6,10.33,94.7,94.95,3.52,2098.46,2097.0,77.52,0.09,0.0,0.29
15,sobrecalentamiento,88.02,88.0,2.91,290.9,290.95,9.47,95.18,95.5,3.52,2104.39,2101.0,80.41,0.1,0.0,0.31
16,sobrecalentamiento,88.12,88.2,3.05,290.81,291.4,10.08,94.98,95.3,3.62,2093.19,2089.5,79.76,0.09,0.0,0.29
17,sobrecalentamiento,88.04,87.9,3.12,290.35,291.2,9.9,95.18,95.45,3.64,2098.77,2095.0,85.37,0.11,0.0,0.32
18,sobrecalentamiento,88.07,88.0,2.83,290.03,289.95,9.99,94.55,94.5,3.61,2093.48,2094.0,78.41,0.09,0.0,0.29
19,sobrecalentamiento,87.76,87.9,2.89,289.95,290.15,9.81,94.97,95.4,3.89,2095.6,2097.0,79.2,0.12,0.0,0.35
20,sobrecalentamiento,88.3,88.2,2.95,290.38,290.75,10.16,94.89,94.95,3.74,2096.95,2097.0,79.16,0.09,0.0,0.29
21,sobrecalentamiento,87.89,87.95,2.99,289.86,289.7,11.17,94.83,94.9,3.78,2102.45,2100.0,74.05,0.09,0.0,0.29
22,sobrecalentamiento,87.94,87.9,3.08,289.72,289.45,9.6,94.82,94.9,3.53,2100.86,2100.0,84.35,0.13,0.0,0.35
23,sobrecalentamiento,87.9,88.0,2.87,289.82,289.55,10.34,94.73,95.0,3.67,2104.69,2106.0,82.61,0.1,0.0,0.31
24,degradacion_memoria,60.3,60.4,5.05,207.96,208.1,24.62,67.41,68.6,14.31,2377.02,2376.0,37.67,5.1,5.0,2.3
25,degradacion_memoria,59.93,59.8,4.84,207.11,205.0,26.26,66.82,67.0,13.92,2382.29,2382.5,38.52,5.05,5.0,2.36
26,degradacion_memoria,59.62,59.3,4.88,209.73,209.2,25.94,67.88,67.0,13.68,2380.07,2382.5,39.55,5.06,5.0,2.11
27,degradacion_memoria,60.37,60.4,4.89,207.76,207.75,25.18,66.87,67.4,13.11,2379.55,2378.0,40.45,4.93,5.0,2.38
28,degradacion_memoria,59.96,59.85,5.03,207.81,209.55,24.96,68.11,67.05,13.89,2375.77,2377.0,37.05,4.99,5.0,2.33
29,degradacion_memoria,60.3,60.4,5.11,211.05,212.55,25.88,67.64,67.85,13.96,2380.8,2378.5,38.12,4.79,5.0,2.21
30,degradacion_memoria,59.45,59.6,5.17,209.95,210.5,24.42,67.01,67.1,14.82,2377.15,2378.0,40.21,5.03,5.0,2.21
31,degradacion_memoria,60.33,60.0,4.96,209.39,210.7,24.58,68.24,68.0,14.48,2377.63,2377.0,41.81,5.13,5.0,2.13
32,degradacion_memoria,59.94,59.5,5.2,208.13,207.5,25.18,68.44,68.5,13.05,2378.45,2383.0,41.1,5.02,5.0,2.26
33,degradacion_memoria,60.12,60.0,5.01,210.91,211.85,24.7,68.79,69.9,13.72,2375.99,2377.0,40.21,5.07,5.0,2.25
34,degradacion_memoria,60.08,60.25,4.97,210.43,210.35,25.82,68.66,68.55,13.23,2381.16,2380.5,39.42,5.09,5.0,2.34
35,degradacion_memoria,59.75,59.4,5.14,209.42,208.2,23.76,67.89,68.3,14.07,2381.13,2383.0,43.59,4.89,5.0,2.31
36,falla_alimentacion,49.77,49.7,8.27,137.4,138.4,44.65,56.01,56.8,24.88,1778.93,1781.0,201.71,0.22,0.0,0.47
37,falla_alimentacion,50.25,50.1,7.44,139.27,137.4,43.54,55.49,54.0,22.64,1797.07,1795.0,201.8,0.24,0.0,0.49
38,falla_alimentacion,50.55,50.3,8.12,144.25,144.5,44.09,52.38,51.3,23.94,1803.01,1811.0,209.3,0.2,0.0,0.48
39,falla_alimentacion,50.04,50.05,7.22,140.09,138.1,46.74,56.58,57.95,22.39,1799.46,1801.5,209.84,0.19,0.0,0.45
40,falla_alimentacion,49.28,49.9,7.69,138.07,137.2,45.8,53.89,50.55,23.94,1781.73,1785.5,200.21,0.18,0.0,0.42
41,falla_alimentacion,50.92,50.5,7.45,141.15,135.05,46.51,54.85,56.95,25.23,1798.28,1797.0,213.09,0.16,0.0,0.41
42,falla_alimentacion,48.98,49.4,8.57,144.68,143.85,44.35,54.6,54.85,23.82,1808.92,1814.5,202.81,0.21,0.0,0.5
43,falla_alimentacion,49.24,49.1,8.01,143.56,146.15,47.77,55.49,55.65,25.32,1802.71,1795.0,197.15,0.2,0.0,0.46
44,falla_alimentacion,50.36,51.0,8.19,139.32,138.7,40.86,53.48,52.6,23.39,1803.83,1796.0,201.24,0.18,0.0,0.46
45,falla_alimentacion,50.01,50.45,8.42,139.47,140.55,46.64,54.26,54.05,25.51,1813.87,1824.5,199.84,0.22,0.0,0.45
46,falla_alimentacion,50.03,49.6,8.7,138.2,134.55,46.76,52.05,52.55,22.39,1805.3,1794.0,218.28,0.19,0.0,0.43
47,falla_alimentacion,50.49,50.3,7.52,141.65,145.15,40.47,54.43,53.6,24.16,1790.63,1791.5,198.28,0.24,0.0,0.47
